Value_Rank,Player,OVS,DVS,AVS,Overall_Player_Score,Salary,Salary_Per_Game,Final_Value_Score
1,Neemias Queta,78.09,94.84,87.66,86.65,"$2,667,944","$32,536",121.36
2,Moussa Diabaté,74.75,80.82,82.36,79.1,"$2,461,462","$30,018",113.49
3,Nikola Vučević,64.67,70.45,81.74,71.75,"$2,449,421","$29,871",103.1
4,LeBron James,76.66,75.87,89.55,80.26,"$3,876,529","$47,275",100.48
5,Ryan Kalkbrenner,63.79,66.07,77.22,68.6,"$2,411,090","$29,404",99.03
6,Maxime Raynaud,57.69,54.22,81.43,63.63,"$2,150,917","$26,231",95.07
7,Oso Ighodaro,52.38,67.44,76.96,64.88,"$2,296,271","$28,003",95.04
8,Donovan Clingan,79.13,106.25,90.86,91.87,"$7,519,920","$91,706",94.29
9,Kel'el Ware,63.26,90.64,84.46,78.93,"$4,654,920","$56,767",93.54
10,Andre Drummond,54.52,67.52,70.56,63.75,"$2,449,421","$29,871",91.61
11,Kyle Filipowski,56.08,61.46,79.63,64.97,"$3,000,000","$36,585",87.85
12,Jay Huff,42.19,70.38,78.12,62.55,"$2,667,944","$32,536",87.61
13,Ryan Rollins,61.16,65.82,87.26,70.58,"$4,000,000","$48,780",87.54
14,Marvin Bagley III,63.24,44.52,75.61,60.59,"$2,449,421","$29,871",87.06
15,Ajay Mitchell,54.1,61.76,74.88,62.94,"$2,850,000","$34,756",86.42
16,Amen Thompson,93.6,94.16,98.7,95.32,"$12,258,609","$149,495",84.49
17,Kevin Porter Jr.,66.89,74.22,77.17,72.46,"$5,390,700","$65,740",82.18
18,Derik Queen,51.15,79.34,82.72,70.2,"$5,416,080","$66,050",79.51
19,Victor Wembanyama,84.51,115.0,93.8,97.66,"$16,868,246","$205,710",78.66
20,Jaylon Tyson,58.42,52.02,76.66,61.72,"$3,658,560","$44,617",78.62
21,Brandin Podziemski,58.5,64.3,85.21,68.48,"$5,679,459","$69,262",76.46
22,Matas Buzelis,46.26,78.49,83.51,68.39,"$5,715,360","$69,700",76.22
23,Deandre Ayton,68.48,73.98,84.65,75.2,"$8,104,000","$98,829",75.47
24,Payton Pritchard,76.91,52.24,91.02,72.75,"$7,767,857","$94,730",73.94
25,Deni Avdija,85.6,75.22,91.38,83.8,"$13,125,000","$160,061",72.77
26,Jaime Jaquez Jr.,62.83,54.27,83.17,66.02,"$5,939,141","$72,429",72.73
27,Stephon Castle,75.65,70.22,84.52,76.46,"$10,015,920","$122,145",72.01
28,Saddiq Bey,70.9,45.23,86.92,66.98,"$6,440,678","$78,545",72.01
29,Zach Edey,59.23,78.37,61.68,66.47,"$6,332,760","$77,229",71.83
30,Paul Reed,53.92,60.53,77.79,63.33,"$5,602,689","$68,325",70.99
31,Precious Achiuwa,54.05,58.06,78.76,62.82,"$5,477,000","$66,793",70.91
32,Ausar Thompson,55.31,96.24,80.83,76.88,"$11,117,925","$135,584",70.17
33,Kon Knueppel,76.21,59.99,90.96,75.12,"$10,516,560","$128,251",69.72
34,Kris Dunn,46.58,63.08,78.27,61.7,"$5,684,800","$69,327",68.86
35,Keyonte George,72.56,38.76,83.43,64.33,"$6,563,925","$80,048",68.77
36,Jordan Goodwin,50.23,64.22,73.83,62.07,"$5,864,198","$71,515",68.64
37,Cason Wallace,41.06,83.84,76.82,66.33,"$7,420,806","$90,498",68.35
38,Mark Williams,72.12,75.25,81.61,76.03,"$11,728,395","$143,029",68.29
39,Jake LaRavia,46.5,61.06,77.12,60.63,"$6,000,000","$73,171",66.59
40,Onyeka Okongwu,64.38,95.38,85.72,81.32,"$16,120,000","$196,585",66.4
41,VJ Edgecombe,61.78,73.95,87.17,73.54,"$11,663,880","$142,242",66.16
42,Tre Jones,71.09,45.16,82.3,65.64,"$8,000,000","$97,561",66.13
43,Collin Murray-Boyles,56.67,59.56,70.42,61.78,"$6,649,560","$81,092",65.79
44,Cooper Flagg,61.71,84.26,89.57,77.74,"$14,517,480","$177,042",65.49
45,Luke Kornet,70.5,62.96,76.41,69.71,"$10,450,000","$127,439",64.82
46,Collin Gillespie,64.94,61.42,84.83,69.71,"$10,714,286","$130,662",64.34
47,Reed Sheppard,52.05,76.95,84.01,70.11,"$11,108,880","$135,474",64.0
48,Jalen Johnson,84.31,99.86,95.91,93.07,"$30,000,000","$365,854",63.07
49,Nickeil Alexander-Walker,67.13,68.17,90.67,74.55,"$14,403,710","$175,655",62.96
50,Jusuf Nurkić,60.35,75.53,68.2,67.87,"$10,576,923","$128,987",62.88
51,Alperen Şengün,93.11,100.91,95.56,96.5,"$35,642,202","$434,661",62.1
52,Goga Bitadze,56.53,54.69,72.39,60.66,"$7,608,696","$92,789",62.04
53,Naji Marshall,57.43,55.68,83.47,64.65,"$9,428,571","$114,983",62.0
54,Mitchell Robinson,64.55,80.03,76.59,73.43,"$15,044,000","$183,463",61.2
55,Dyson Daniels,74.46,94.43,88.11,85.34,"$25,000,000","$304,878",61.08
56,Alex Sarr,56.71,74.94,76.49,68.84,"$12,370,680","$150,862",60.85
57,Day'Ron Sharpe,61.72,57.53,75.62,64.46,"$10,000,000","$121,951",60.74
58,Donte DiVincenzo,54.15,71.39,83.26,68.75,"$12,535,000","$152,866",60.53
59,Kelly Oubre Jr.,45.68,64.86,71.78,60.03,"$8,050,000","$98,171",60.36
60,Anthony Black,46.43,71.08,77.0,63.98,"$10,106,316","$123,248",60.09
61,Royce O'Neale,47.92,70.18,78.24,64.58,"$10,875,000","$132,622",59.34
62,Julian Champagnie,50.24,79.11,81.42,69.41,"$13,888,889","$169,377",59.26
63,Rudy Gobert,77.39,111.45,89.29,92.54,"$36,500,000","$445,122",59.13
64,Sandro Mamukelashvili,59.36,63.14,82.61,67.62,"$13,000,000","$158,537",58.89
65,Robert Williams,57.37,74.98,75.24,68.72,"$13,968,254","$170,345",58.57
66,Brandon Miller,60.81,68.99,82.65,70.14,"$15,104,626","$184,203",58.4
67,Wendell Carter Jr.,63.72,76.62,82.96,73.88,"$18,102,000","$220,756",58.25
68,Nikola Jokić,110.22,104.56,99.74,105.15,"$59,033,114","$719,916",58.16
69,Josh Hart,66.08,82.34,81.29,76.17,"$20,923,760","$255,168",57.51
70,Shai Gilgeous-Alexander,90.24,89.79,99.41,92.84,"$40,806,150","$497,636",57.37
71,Scottie Barnes,77.96,106.3,95.73,92.92,"$41,754,690","$509,204",57.02
72,Isaiah Hartenstein,70.6,87.7,73.72,77.35,"$23,148,148","$282,294",56.66
73,Jabari Smith Jr.,60.37,85.62,87.34,77.05,"$23,643,411","$288,334",56.08
74,Luka Dončić,91.48,97.29,100.31,96.11,"$49,800,000","$607,317",55.94
75,Tyrese Maxey,85.82,86.72,100.13,90.42,"$40,770,520","$497,201",55.89
76,Ivica Zubac,71.01,71.65,78.12,73.36,"$20,342,140","$248,075",55.86
77,Chet Holmgren,71.13,111.6,90.28,90.63,"$41,500,000","$506,098",55.72
78,Derrick White,68.8,87.6,90.18,81.6,"$30,348,000","$370,098",55.11
79,Julius Randle,80.76,77.14,93.6,83.38,"$33,333,334","$406,504",54.75
80,Jarrett Allen,74.63,79.53,83.85,79.06,"$28,000,000","$341,463",54.7
81,Tobias Harris,53.27,68.86,76.5,65.54,"$15,044,000","$183,463",54.63
82,Toumani Camara,56.35,68.06,84.29,68.71,"$18,080,358","$220,492",54.2
83,Trey Murphy III,74.09,69.09,90.49,77.31,"$27,000,000","$329,268",54.07
84,Daniel Gafford,59.83,70.89,73.06,67.56,"$17,263,584","$210,532",54.04
85,Josh Giddey,69.21,76.48,81.68,75.42,"$25,000,000","$304,878",53.98
86,Kevin Durant,82.03,82.89,100.66,87.91,"$43,902,439","$535,396",53.14
87,Keldon Johnson,62.2,55.98,83.6,66.51,"$17,500,000","$213,415",52.98
88,Miles Bridges,65.16,65.67,87.12,71.92,"$22,826,087","$278,367",52.9
89,Nic Claxton,69.85,65.05,83.08,72.19,"$23,147,727","$282,289",52.87
90,Karl-Anthony Towns,89.48,96.96,95.46,93.82,"$57,078,728","$696,082",52.42
91,John Collins,56.37,60.95,80.4,65.14,"$17,000,000","$207,317",52.34
92,Tari Eason,46.14,70.09,70.17,61.49,"$14,051,724","$171,362",52.32
93,Cade Cunningham,83.96,93.12,93.13,89.82,"$50,105,628","$611,044",52.19
94,Naz Reid,47.24,87.76,81.37,71.26,"$23,275,862","$283,852",52.11
95,Kawhi Leonard,83.52,88.65,97.07,89.33,"$50,300,000","$613,415",51.84
96,Jakob Poeltl,64.65,65.18,71.5,66.88,"$19,500,000","$237,805",51.58
97,Isaiah Stewart,50.65,66.21,69.79,61.68,"$15,000,000","$182,927",51.46
98,Mikal Bridges,67.92,78.58,89.91,78.14,"$33,482,145","$408,319",51.24
99,Evan Mobley,76.38,99.0,89.12,87.89,"$50,105,628","$611,044",51.07
100,Bam Adebayo,69.14,102.23,90.96,86.94,"$49,800,000","$607,317",50.61
101,James Harden,88.06,65.17,95.14,82.4,"$42,317,307","$516,065",50.36
102,Paolo Banchero,68.38,87.24,91.23,81.65,"$41,500,000","$506,098",50.2
103,Jaden McDaniels,56.52,74.64,83.09,70.65,"$26,200,001","$319,512",49.86
104,P.J. Washington,42.72,79.74,73.94,64.67,"$19,813,044","$241,622",49.63
105,Santi Aldama,54.5,60.27,70.36,61.22,"$17,007,043","$207,403",49.19
106,Donovan Mitchell,86.65,70.44,97.22,84.31,"$50,105,628","$611,044",48.98
107,Jalen Brunson,85.67,50.61,96.08,76.87,"$37,739,521","$460,238",48.63
108,Anthony Edwards,73.49,82.44,93.27,82.47,"$48,924,624","$596,642",48.26
109,Jaylen Brown,78.37,85.32,97.15,86.37,"$57,078,728","$696,082",48.26
110,Immanuel Quickley,69.09,65.07,86.01,72.8,"$32,500,000","$396,341",48.16
111,Desmond Bane,76.36,63.35,93.14,76.97,"$39,446,090","$481,050",48.05
112,Grayson Allen,57.07,52.97,74.27,60.83,"$18,125,000","$221,037",47.95
113,Ayo Dosunmu,61.97,43.89,80.9,61.5,"$19,310,345","$235,492",47.57
114,LaMelo Ball,76.54,67.19,87.74,76.72,"$40,770,520","$497,201",47.42
115,Andrew Wiggins,60.01,70.07,81.3,69.82,"$30,169,644","$367,922",47.23
116,OG Anunoby,61.54,86.82,84.82,77.12,"$42,500,000","$518,293",47.07
117,Jamal Murray,87.33,57.18,99.49,80.73,"$50,105,628","$611,044",46.9
118,Norman Powell,56.49,52.41,80.12,62.19,"$21,500,000","$262,195",46.57
119,Brandon Ingram,58.4,78.45,90.34,74.8,"$40,000,000","$487,805",46.5
120,Walker Kessler,68.56,72.15,63.96,68.4,"$30,232,558","$368,690",46.24
121,Giannis Antetokounmpo,94.94,71.87,81.83,83.16,"$58,456,566","$712,885",46.13
122,CJ McCollum,58.17,42.17,85.37,60.89,"$21,000,000","$256,098",45.92
123,Myles Turner,44.79,74.27,77.82,64.72,"$26,584,164","$324,197",45.48
124,Zion Williamson,82.01,51.42,89.68,73.91,"$42,166,510","$514,226",45.22
125,Austin Reaves,77.52,57.57,86.16,73.33,"$41,240,250","$502,930",45.17
126,Jalen Suggs,50.61,77.41,74.82,66.98,"$32,400,000","$395,122",44.36
127,RJ Barrett,59.24,57.45,79.63,64.75,"$29,616,071","$361,172",44.05
128,Devin Vassell,50.35,63.09,77.87,62.94,"$27,000,000","$329,268",44.02
129,De'Aaron Fox,70.47,68.97,87.48,75.07,"$49,800,000","$607,317",43.69
130,Michael Porter Jr.,63.58,63.58,84.15,69.75,"$40,806,150","$497,636",43.1
131,Joel Embiid,78.58,69.38,84.76,77.31,"$58,100,000","$708,537",42.96
132,Draymond Green,43.92,67.82,71.36,60.28,"$27,678,571","$337,544",41.84
133,Devin Booker,83.3,50.53,90.9,74.44,"$57,078,728","$696,082",41.59
134,Anthony Davis,65.81,86.77,72.08,74.82,"$58,456,566","$712,885",41.5
135,Pascal Siakam,63.06,64.4,87.02,70.7,"$48,924,624","$596,642",41.37
136,Jrue Holiday,67.56,48.55,76.15,63.68,"$34,800,000","$424,390",41.27
137,Lauri Markkanen,74.67,50.7,83.69,69.22,"$46,113,154","$562,356",41.23
138,Jimmy Butler,86.9,51.23,82.44,73.43,"$56,832,773","$693,083",41.08
139,Domantas Sabonis,69.25,58.32,66.56,64.73,"$45,472,000","$554,537",38.72
140,Jalen Williams,59.02,59.02,70.81,62.56,"$41,500,000","$506,098",38.46
141,Jaren Jackson Jr.,46.26,74.76,73.89,64.24,"$49,000,000","$597,561",37.57
142,Franz Wagner,61.71,49.14,73.11,60.85,"$41,754,690","$509,204",37.34
143,Stephen Curry,70.74,50.79,82.95,67.62,"$62,587,158","$763,258",36.75
144,Jayson Tatum,56.66,71.62,69.86,65.71,"$58,456,566","$712,885",36.45
145,Paul George,50.65,69.97,71.23,63.39,"$54,126,380","$660,078",35.99
